title_clean,acquirer,target,deal_value,category,publisher,domain,credibility,credibility_reason,relevance_score,is_relevant,dup_count,published,url,deal_terms_hit,fmcg_terms_hit,companies_hit,relevance_reason
FMCG giants focus on beauty brands in D2C acquisitions,,,,Beauty & Personal Care,Indiatimes,news.google.com,0.5,Tier 3 (general/regional): publisher 'indiatimes',55,True,1,2026-06-20T09:58:30+00:00,https://news.google.com/rss/articles/CBMiygFBVV95cUxNMzZSR19PZGR4bTZINmpBLUxrWWdyeVB0eXJ1aG5QdXVuVU56NmxoV0h5ZVdCTzlEN0xHZ3J3MFNLRXdZSDVqZ3A4WU5xb1ZFejN1bDF5NFRPRGFkc0ZWZ090VDZEQmlnYV9xaGE2bVBYeEdZeWhOUHU4QXh4QjdIWnRQWHpmM0w0dEJnTU9pa1BRTzlZMUdUbXpWOFd6VXNlQ3RyLXVfR0VyeWZ1MTExUEZ3WVJyR3Y5dHZoWThTZDZxMllLeG1uLU9B?oc=5,acquisition; acquisitions,fmcg; beauty; d2c,,"deal=6(acquisition,acquisitions); fmcg=7; companies=0"
MK Group Completes Acquisition of Dijamant,,,,Other / Diversified,connectingregion.com,news.google.com,0.4,Unrecognized source (news.google.com) — default,16,False,1,2026-06-24T08:27:16+00:00,https://news.google.com/rss/articles/CBMigwFBVV95cUxPMU54a1RTUGJqRmg0M2dIeURYWUhOUzhqOXRNcm56RkdLU0hhanBNckxCSWRNeTg1bHFBUDN2dy1NclRrckxKTFloU2gzUTFRY2ZIeVNPOGVzLUlRODREREMwaDRNR3h0YUJaVS1GdEZoZFlBaDRUa0dPaU1mSy12cmIwSQ?oc=5,acquisition,,,deal=3(acquisition); fmcg=0; companies=0
Competition Council authorises Pavăl Holding’s acquisition of Carrefour Romania,,,,Other / Diversified,Business Review,news.google.com,0.4,Unrecognized source (news.google.com) — default,16,False,1,2026-06-23T09:27:24+00:00,https://news.google.com/rss/articles/CBMixwFBVV95cUxOVElNY1hCSklQc3pCZThuWUZFR1lPdVRiZDJJWDZaQjZCM01FQ0tiM0FybndZUGZfUmJITEVaTG1qdDZ2ZC05UkZkVzYwS0dEXzdUUjY5VWtOMkFnU0RXTXdQMzZIdl84UTlXR0Z5OFI3ZG1yTEhWeHVyTUxiUHMxbUtmbXZCQU0tZ1c1NkhRN1JPYnNsYVoxSXBDS19HcFA4aC1XSDVQTTZJZkdJUmFudEdfanRobHhULVRmSnF5MFBHaWJQRmU0?oc=5,acquisition,,,deal=3(acquisition); fmcg=0; companies=0
Why FMCG giants buy D2C brands,,,,Other / Diversified,BusinessLine,news.google.com,0.4,Unrecognized source (news.google.com) — default,16,False,1,2026-06-22T07:00:00+00:00,https://news.google.com/rss/articles/CBMisAFBVV95cUxOMTJya185bldmaVNQWkNldVdVdlVqd1hoYjZIdUlyaS1nR055dU5TRVY0TTVqRGZ3VU0wUVBhTXRWZDRIam1jTjVDOGV2bVZRLTR1cnMzMzl0M2NzWnd2TU5XR3ZEV1Nabi1SZ1BBSHljeTBzWlhMLVFBT0FuV1ZKOTQwanNoR1AtY2lGSTc2Z19XRDVreEx0VmxBNXFuQ2d6UFJNODVoZEE0a2JVWjUxd9IBtwFBVV95cUxOYWZ3LUR6ZVRnQ3ZKNGdLVDR5Y0I2ZVZLVTZDVU92Znp6aFNMeTZaaDZfWElhZXpEOE9tYlo1SEhTNFpIbzFVelBjOEdEa2xCbmpCXzlHV1JOUlVtTHRTRDA3cmFrNWxvQi1INmMxVHY3RmpreTdMSTJTRHpyOXVSWkVHTGR1dzBwMXZvc1hKbzZjeUdEcUM2bG9NMEZvVkpCLUluRGtyMDJjR2wtQXBMTUtWbUk5Yzg?oc=5,,fmcg; d2c,,deal=0(-); fmcg=5; companies=0
Danone to tap protein demand in Asia by buying Australia's Made,,,,Health & Wellness,Reuters,news.google.com,1.0,Tier 1 (wire/financial/primary): publisher 'reuters',6,False,2,2026-06-22T07:00:00+00:00,https://news.google.com/rss/articles/CBMirwFBVV95cUxOM0wyM2F2VWVzZ21GdlBFbkx3dlhvYlQzbTNVUDBKMnRBSjcxdU1VRUVPQ2tnTmN0OGY1eHBjaDF5Uzh0dk1pMG96QV9TbjIxT0ppUVRXcGx5ZFBIOEx2X3JDcXpMdjZaTkZ1ME43TFZfcjRRYWZMSFlldXFtX21yVC1oQVRnVGZVeEk5ZGJ6TzdWN2dxdHFlZnlkSDdreS1EVXBqUVRqaFhRelNjc1dn?oc=5,,,danone,deal=0(-); fmcg=0; companies=1
Beauty boom to fuel more dealmaking as FMCG giants chase premium brands,,,,Beauty & Personal Care,Moneycontrol.com,news.google.com,1.0,Tier 1 (wire/financial/primary): publisher 'moneycontrol.com',22,False,1,2026-06-09T07:00:00+00:00,https://news.google.com/rss/articles/CBMi1AFBVV95cUxPOGxIYjFIRE5pS2g3YzNiZXI4TlVnZ0FuMkRMalhucEhxRzZGQnpmRnFlWExCY3RyRlkxOXk0SG40SUxCUEY3OHRLOC1STmRVR0VWbE9qMFBCVTlLSHZSbnliVmhUUEtNZlFmaGx6TUpzajJfVnhhcXVWRklDaFc0TXhtOFQ5MDNUNTJvczNzMXJzU3lUQkpVenJBYV85N2dEN1ZEdXFDdFZ0REdwQ0hIX3IyREhfc3ZXSGdHN0padDVkazlVT0hLaXd3Tl9fVHdrbW1pMNIB2gFBVV95cUxPRXZaTkFyMlN5RkJYcDkxZzdJYTF0ZEwwbHRiU003Wkxra0lvalJRUkZMVXpYU1dKYlM0X2lZckhLajVSTDN0UU9tZEpmMndaOFFDN1FPY1JxbGtBRV9KZHAtVDgzTjRJWEw5RlRSWEpWVlgxVV9EY2ctRWx3T0t3VmMtWlpIMGZrM1luQjY0YUk5d3FzaldXdDVSX0xDNHFHTGgyRlhrTExwbHNmb3k5VGVENUdkT1JKLThYaEpZazkwY0E1LXlzOWNudFkwaWt6QXpPdE5qZW1YUQ?oc=5,deal,fmcg; beauty,,deal=1(deal); fmcg=5; companies=0
"Reliance targets multifold FMCG growth by 2030 through acquisitions, expansion",,,,Other / Diversified,BusinessLine,news.google.com,0.4,Unrecognized source (news.google.com) — default,42,True,1,2026-05-28T07:00:00+00:00,https://news.google.com/rss/articles/CBMi3AFBVV95cUxPVDE2S1dWVFljcGlfb2NJbW5LSVJPNG1TR1ZIby1YUlRQZGh0WkowaXUzSWxGZjZ3LUFWR3FTcG1KaE1URERYaU1yaFhOeTJaYm9jTXNBTjd6Ykpqc0hmLXpRRlc4VDQ0ekNNWWt4SzJGQ2NBWF8tc1NqdEh0bGJVZlRMRms5TmllNWJmQnRaeHlVdVBQZXRmUmtUNHlEYVFPOFU0UWRQcXRYVmxMRWU2Qkw5N3lCcy05WjlGWVl1ZmxQUGpSZzk3SGRsQWlhSGVua3JIOVNFY0RlTlRM0gHjAUFVX3lxTE55M1hrVjFCRlkyeWpwUzlYT0lGM1p4eURfNk80RGxtVjJCb2ZSR181TTJZVGUtNG1RcHhoejcyODZzVjAxSWZCcElWNEJvWDBoV21GOVl5bzZ3aGxRcXY4aHRmUmF6T3c5WjFycWhqOFVvMWRBVjVkMkRUTDRJcXc1bmVTOGQ0MV9nRFQzMko4dlZTM2NGZ2RKX1JDMW15azZvUlJ6XzRYLURXbFpncTlFdXJhUGc4cngwUHFTYU9fWHF2LWhPZkVIcWZhM0hzV3E0Z0pPQWVIV2tCbFZ2eVhUSXlB?oc=5,acquisition; acquisitions,fmcg,,"deal=6(acquisition,acquisitions); fmcg=3; companies=0"
"Emami completes IncNut acquisition, deepening bet on the personalised beauty boom",,,,Beauty & Personal Care,Storyboard18,news.google.com,0.75,Tier 2 (trade press): publisher 'storyboard18',29,True,3,2026-06-02T07:00:00+00:00,https://news.google.com/rss/articles/CBMi0AFBVV95cUxPYW1lMVQyY1R0M29qd2NDWklMWDVVN0RmZ0EzcG51N0trZnhVOVpPLWxLY3dNMWN5YW9FUGFieWNxZkZmQlp6WG4yZmJJZ2FEaTRWYzROLVVselc1VUxlNEh3alNCRVd0c1JvamhwNHVxb2JPc2lseWxxOFFKekNyUDhteUlhUXdBb3ZrTVRNb0Q3c3RwdE14d0hfNk8xMVI4QzZhWkJpTXBEMG9TOHE2OXJHeUVYTVVyQ01Hb2tXSndYdUk3MnpLLUdLak1EekRs0gHWAUFVX3lxTFAtOTNjQ0pxNWliOEFJbXNRM2RIQzd1aUY3M1ViWFdiS3RmNjJ6RlNkUm5scGdYZnBhNFJ6Y3NJdTQ4U0k3YjI2SE5qQzFGY05GWjdXVEpFMzdSdURBN0Fjcmh5MExZN1ZLQkZJM2ctcVNqaVhWaVl5NjBwbFliSmoydWZvdmlmZzVTZVdQNlh5SXhBcVhrbjRkNHlhdTdFanJYcjQ0eDZYQ2JHcU15N0NZMktQTHY3Zi02UFhuUEM0WDVvMHg2VGtIcVZiTGNhUGJqZGNQa1E?oc=5,acquisition,beauty,emami,deal=3(acquisition); fmcg=2; companies=1
ACCC clears Ampol’s EG Australia takeover subject to divestments,,,,Other / Diversified,Inside FMCG,news.google.com,0.4,Unrecognized source (news.google.com) — default,47,True,1,2026-06-03T07:00:00+00:00,https://news.google.com/rss/articles/CBMiowFBVV95cUxQQ1MyNDBqWFJhM3RTcTdqVnotR0FkMWZOSS16QngweXZSaXp3d0xXOUxwNVpQLU40Y3RpRHZKTndNQmZTXzdPT2NxblgxZGxJbk05S0VYcmhXUEpoY3BrNS1mMXFraUxlQmVvOXRRVmMzQ2RheDdTQ1d2N0NOTXhENXg5NzZwSl9Ld0Y2b2NuXzBtd2lxa0dIV2FBNlBTSk9LZ1Aw?oc=5,takeover; divest; divestment,fmcg,,"deal=7(takeover,divest,divestment); fmcg=3; companies=0"
The 2025 FMCG Retailer Ranking has been released,,,,Other / Diversified,Trade magazin,news.google.com,0.4,Unrecognized source (news.google.com) — default,10,False,1,2026-06-01T07:00:00+00:00,https://news.google.com/rss/articles/CBMiiwFBVV95cUxQWXFWQ3J3MEpYMnNZQlg0REp1T0s2YWU4eVROdF9UekJZUnVSd1R0Q2hLR19JOW5DYUI5eWpXSEdrXzVodDZBRTlrS1NoSG43Mk1TTjZsVFhRS3Y2OWlLWDRYMWlGMUMwWko0allsVDJvV1I1TTlNMXExOWNlZlNqQmdOMm8zekJpdkVB?oc=5,,fmcg,,deal=0(-); fmcg=3; companies=0
State of the Consumer 2026: When tech acceleration and cost pressures collide,,,,Other / Diversified,McKinsey & Company,news.google.com,0.75,Tier 2 (trade press): publisher 'mckinsey & company',0,False,1,2026-06-22T07:00:00+00:00,https://news.google.com/rss/articles/CBMilAFBVV95cUxNbmgxNmF5TjA0LUU5Yi1nekhZVnRwTWwtSG5yMzZjOTM5VjRJdVpQNGVGQVZBekdZdUh2dFN5SDZRUmFVYWxBbW5DTEZuQVpGVUowc0loOHJEMlRfLXVZOTdjVnkxUmk4WDdnUzJPeF9zQ2FFOTRyb29paEFaMzNFYkhhQ1NlTzJ0UnVPMUVlcU1wZnF0?oc=5,,,,deal=0(-); fmcg=0; companies=0
"Engine, Nuqleous complete merger",,,,Other / Diversified,Talk Business & Politics,news.google.com,0.4,Unrecognized source (news.google.com) — default,27,False,1,2026-06-08T07:00:00+00:00,https://news.google.com/rss/articles/CBMic0FVX3lxTE5RcF85dThjUzR5OEszRDJoVDd2dzRzQXRXbGhDRmlXandpMVliNHExaVFjR1NSSFp0TEJaTDZzY3FrN2x6SVk0TDMwVzNPV0hzaXI3WVg5Rzc1MDcwVHZoQmlyT0RXeVJsSEdYenZNbG9Ydnc?oc=5,merger; merge,,,"deal=5(merger,merge); fmcg=0; companies=0"
US dealmaking weathers global M&A slowdown,,,,Food,Food Business News,news.google.com,0.75,Tier 2 (trade press): publisher 'food business news',9,False,1,2026-05-28T07:00:00+00:00,https://news.google.com/rss/articles/CBMimgFBVV95cUxQcWFBT2x4LWh1NlVZNzgwQ2NtUmdGamg5X21YZXFFRUwzbllGMlRSaEpwWGZkSGYzMmdTaGdOd0lBRmhJcTc5V1RuUHNCOTF0a3Q3MG5lZFFRV2JVRDVacC1NREYybkpTdDhXSzJnVUZieWFxS1UwTV9TTjV2eUtpaFFyN3FIUUpOOUMxOUxNNlg2Zm5EQ3E5TXdn?oc=5,deal,food,,deal=1(deal); fmcg=1; companies=0
Harry's and Coterie owner Mammoth Brands has ambitions to be the next CPG giant,,,,Other / Diversified,CNBC,news.google.com,1.0,Tier 1 (wire/financial/primary): publisher 'cnbc',10,False,1,2026-06-07T07:00:00+00:00,https://news.google.com/rss/articles/CBMilAFBVV95cUxQZkN2c0YxYk11TzhwaTM3bXd1R0tZYXE5aVl3S3M4XzQ1S0sydWIxbldURUVUUkpRZHVKNkx6eWlod3h1X0ViZ2VHQ0hzY2t0SHBaZFJEbnlheFJtUGh5TmZONWhBWFh5ZUJWVlczWWZYNjNFamFhYmlvcEE3UFJxXzhSNmsza2JRN29PN3lpU0FfSUJf0gGaAUFVX3lxTE9qZVpCNU44SHdhNTVTSzNnRGl0bUhXeXhDcDZZOWdRS0p0VXpjV1BPTXdjS0lUd0t0WUs3WldZeGZXci1hNDE2dHRDNUlNQVJTdWFVUTJacXk4U0pIRGlOZHZwb2NkSUt3MzB0Z0dSMmFWMlNXeDBFNW5qT09kZUFmdTF0NEI0VWlvejd0QW53MW8ycFpzd2RvSEE?oc=5,,cpg,,deal=0(-); fmcg=3; companies=0
Everything Branding Acquires Darlington Marketing Co.,,,,Other / Diversified,Pulse 2.0,news.google.com,0.4,Unrecognized source (news.google.com) — default,32,False,2,2026-06-05T07:00:00+00:00,https://news.google.com/rss/articles/CBMifEFVX3lxTE04RXRKUXR2SjB1QkhFTmo0clZ1enRYWnZjWC14UWVfeFROd1E3S1BVbjlLR3BRSm5MbjBzNC1wVHRzeXJ5dVlJR09tVUlsZlJXNUVwUTlHRXhtTmVIRE41enV2QjFLSDNQMjdLNUJoTG84NDZUZ1N1MlBsWkvSAYIBQVVfeXFMUDBSZk1VdndtQTVtMWFQb3BsOWN0dGtCODloOFZTQ2JrZlcyeTI2NExPTnF3TTktVGNJdUxzRENVUkE0ZmFfTjU4bi1fNWhjOF9JN3ZsODVOYXYwVlZfenNMSVVwaVRwUjF3RmsyNXQxMlBpR0Q4YmpteGZiX3ZDLWNqQQ?oc=5,acquire; acquires,,,"deal=6(acquire,acquires); fmcg=0; companies=0"
Church & Dwight Announces Miss Mouth’s Messy Eater® Brand Acquisition,,,,Other / Diversified,Business Wire,news.google.com,1.0,Tier 1 (wire/financial/primary): publisher 'business wire',23,True,5,2026-05-29T07:00:00+00:00,https://news.google.com/rss/articles/CBMivwFBVV95cUxPUGduUDYzQ1Y0Qk5sb0JLZVRQMVEyalYwUW9pcWZvdEtKUF92SS1raWVSeE9MWWhoMmtSMEs2SkZ5RGhjNlRDcFpyem1xUko2M2VuMGhDWXQ2QzBKSmlzNW9WcDNIYkRyOEFhdXJjdEdZOEdNeExxSW56N3ZvUlppVWRMQUNsMmFQeWxlQXRMT2JWTTFRVzFkWThrYkhlOUpGNXh6NkNUc25iSHNneThEU3VLcUxFeTlWOGNYdHZoYw?oc=5,acquisition,,church & dwight,deal=3(acquisition); fmcg=0; companies=1
CCL completes Sleever acquisition,,,,Other / Diversified,PKN Packaging News,news.google.com,0.4,Unrecognized source (news.google.com) — default,16,False,1,2026-06-02T07:00:00+00:00,https://news.google.com/rss/articles/CBMifkFVX3lxTE1zRG4wWnptMVBtY0tKYXpma3VEUGp2MXNoM0xaVl9zWHpYSmFhU1FLRU9vLXIxeHJYMzE3R3N6QkRHTXAtRHNSd1UyLTFMZmdfc2hBZjRyc0V0d29wOW5vQU14a3hZRTl1LUVpb2tXN1V6cnB4Y0hHdDkxRVhCZw?oc=5,acquisition,,,deal=3(acquisition); fmcg=0; companies=0
Global M&A trends in consumer markets: 2026 mid-year outlook,,,,Other / Diversified,PwC,news.google.com,0.75,Tier 2 (trade press): publisher 'pwc',0,False,1,2026-06-23T07:00:00+00:00,https://news.google.com/rss/articles/CBMieEFVX3lxTE1tbm9KeG5FSUdpb1Q4RGNEM0k1eDhFM2kzT1poR1ZtM1haYXE2d2pBVXJldjBpY3VYdC1CZnhMd000Zkw0VEktSTEyZ3N4VTU3QkRrWTlwemFpYXVQWmNjQ3BvZ1RCelpOeFFjMzB5R3hpQTVoaENXbg?oc=5,,,,deal=0(-); fmcg=0; companies=0
Why Beauty Is The Hottest Bet In Consumer M&A,,,,Beauty & Personal Care,Forbes,news.google.com,1.0,Tier 1 (wire/financial/primary): publisher 'forbes',6,False,1,2026-05-28T07:00:00+00:00,https://news.google.com/rss/articles/CBMingFBVV95cUxNNUNVeUpxLTA1WkNpRHY4MUlXSHBoY19UZ0tIV0dieHBuU3dGUFNaUnY0bl9jVTBvaVlkQXlIV0VxSmZQOE1fSXpXT2hQVk1rSjBqUDVxSnNXMGNsSWNKbFUtS1lydHBPZTk4V1U4aDN5eVpHcmQ5dEJYcXo2b2tMVzZ1SlQ4NTVzenI0b3k0anlGZlZxdmNWWDVlaFBJdw?oc=5,,beauty,,deal=0(-); fmcg=2; companies=0
FlavorSum acquires Beverage Flavors International,FlavorSum,Beverage Flavors International,,Food,Food Business News,news.google.com,0.75,Tier 2 (trade press): publisher 'food business news',42,True,1,2026-06-12T14:20:48+00:00,https://news.google.com/rss/articles/CBMingFBVV95cUxPbmJIb0dNY1ZMYW5OQU90a3UyMUtZNTFEVncxSnc4Z0FVc0F2bjhVLWlSVENMaC1OZldoRUhhWENtcnUzOE5PWnNCenBQbkdadEo4aEN1UHY3T0N3N0VZX2ZlY080QVQ4Q21lb2lfN3VvS2o4NkFHWU1GQm54QjhrSGFQckppRXVYUGlIRk1lS0VIMkc4YWVLSHFCZW1sZw?oc=5,acquire; acquires,food; beverage,,"deal=6(acquire,acquires); fmcg=3; companies=0"
Beauty dealmaking heats up with Trilogy and Thriving Brands portfolio expansions,,,,Beauty & Personal Care,Personal Care Insights,news.google.com,0.4,Unrecognized source (news.google.com) — default,22,False,1,2026-07-03T13:31:51+00:00,https://news.google.com/rss/articles/CBMilAFBVV95cUxQdlowZGl3Y292ODBVSDJ1czdEeWVTY1lsbXAxUS04UzEzemhwTFRPWGozUktJbEJsSXZhNE1QdHdrb1Z2ZUZfcHQxNXZqNE0tdERXUmpPdFpsanZOelhvblFsX2F5ekNyaTJaRkVSc2lsOFBQTTEtaHQ4RUI1eUR3dy11R0NtRFoxaU9YalQ4d0FubHNy?oc=5,deal,personal care; beauty,,deal=1(deal); fmcg=5; companies=0
Colgate Announces Acquisition of PCA Skin and EltaMD Skin Care Brands,,,,Other / Diversified,Salon Today,news.google.com,0.4,Unrecognized source (news.google.com) — default,23,True,1,2026-06-26T18:01:29+00:00,https://news.google.com/rss/articles/CBMiowFBVV95cUxPaFBuTnR6N1BYbzNMODY5MHZlRGF4NWU1VXB1dDVpdGtyRnBZai1jWGlrQjhhdXFNUHR5QmZLaFF5LVFFT0R3WFJfdHItamxWZzI0T2dWa1RlQ01JeDVhV3piRTF2b1kxc0JadDZOOEpmSUVWdkh0RjZ5TWo4SjJFSjM0eFFINm4zNV9BeVpSdE9qQVhNNC1UNHBrLXhmRUtRSmdv?oc=5,acquisition,,colgate,deal=3(acquisition); fmcg=0; companies=1
Wrinkles Schminkles joins Avenir Collective as first beauty acquisition,,,,Beauty & Personal Care,Cosmetics Business,news.google.com,0.75,Tier 2 (trade press): publisher 'cosmetics business',29,False,1,2026-06-30T11:25:17+00:00,https://news.google.com/rss/articles/CBMikwFBVV95cUxOUV9rTEVBYzRObG5aaWphRTNYOFQxU3U3bWltLWVuTkVOdGdRY0pzQWdQa1dfRmszY0FBVmJsZW1aVk5VMDNnWF9iN1liSXkyYnF3eDd6R1NJa2htelVkZ2VVMW0zLXhweHgta2VFSGpPUFVCT2ItUWQxenRLTGZZRVFmMjB1dnJ0aFk2ang1R2VzOHc?oc=5,acquisition,beauty; cosmetics,,deal=3(acquisition); fmcg=4; companies=0
"L’Oréal to acquire a majority stake in Innovist, a leading digital-first Indian personal care house of brands",Oréal,Innovist,,Beauty & Personal Care,L'Oréal,news.google.com,0.4,Unrecognized source (news.google.com) — default,59,True,3,2026-06-18T07:00:00+00:00,https://news.google.com/rss/articles/CBMimgFBVV95cUxPazNWWDdCQXBPY0FNdEl1dUltaS1OaXdVZjREUjNudEFsM1U0amF1RXhqME51a21TZ0FPWVQyaEhCNTNwVzVTbDl5RnlvUE12eXd3ekNlZXIycWhrUUQ4Q0R2VldfMkRZaUc5WVJyeUhfNlk3Sm8zVnhtN3kzWXU3OXd3QW1rVExtMTI4bm1tbHktVkY3N3lRZ19B?oc=5,acquire; majority stake; stake in,personal care,l'oréal,"deal=8(acquire,majority stake,stake in); fmcg=3; companies=1"
List of 40 Acquisitions by L'Oreal (Jul 2026),,,,Other / Diversified,Tracxn,news.google.com,0.4,Unrecognized source (news.google.com) — default,39,True,1,2026-07-01T03:52:32+00:00,https://news.google.com/rss/articles/CBMipAFBVV95cUxOMW04ZDBkZzNUQTdUWVVtbmVyRktEMVcyS0FPbEI1OXJISHc3WnFsOFQ1V2Q2cGNPOU1lancyUWZLM2JURjhra0ZyQXB0eVFjM0JPOWtNNFFEaHlzLTB2cEJNUGtIREw5cmxWVTZTaHllbWRoY09oSUR0UGUwU2tkZU9BTEpWekhVOTJjaFB4enJxckN5UUw2Vm5BZEdxQ1Q3bUFOYw?oc=5,acquisition; acquisitions,,l'oreal,"deal=6(acquisition,acquisitions); fmcg=0; companies=1"
Disproquima talks Enzym acquisition: Expanding into Polish personal care,,,,Beauty & Personal Care,Personal Care Insights,news.google.com,0.4,Unrecognized source (news.google.com) — default,26,False,1,2026-05-28T07:00:00+00:00,https://news.google.com/rss/articles/CBMijwFBVV95cUxNa2dkaEphbW5aWXNRQlBicm1GN3AzQkFKcnlMaFdaNVpEUGlkbkxudV9zU04yQjhrRThYaXR3eEF3S3llOEVHc1lLaGFnQnEyYUcxVXRjcmpCTkNLT2k5MlBGS1I0V2JqTnZvcXdGWjRtbThrVmhlYkswY3FNWHd2OFBRS1AzU05DNEc4bTFnWQ?oc=5,acquisition,personal care,,deal=3(acquisition); fmcg=3; companies=0
"From Acquisitions to Openings, the Latest in India’s Booming Beauty Business",,,,Beauty & Personal Care,WWD,news.google.com,0.75,Tier 2 (trade press): publisher 'wwd',39,True,1,2026-06-23T07:00:00+00:00,https://news.google.com/rss/articles/CBMiywFBVV95cUxQbE5xbF9id0ZIbnhWNEEtc3BxZTA5T3dNLVo2NWVucEFsUmQ3akQxSGI2RnZPR1FReG1wR1pjdFZ2Wko1VmtzenJFdkJzWGJKZ1NKQ096RHZXSFNwZ1RmYUdLSGQyTlhySTdCZWV2dE1LcVZuUVp4dm1EbXZOVzB3cGdGN3pRMHFFNXlGMndQWkVVLWhqYlMyUHJ6VVZCMmZfWTlvcnl5MklGTXNDejdVNHhvMjBLVXY4T05Ld0tleEpKYnI0VWNXMHh5WQ?oc=5,acquisition; acquisitions,beauty,,"deal=6(acquisition,acquisitions); fmcg=2; companies=0"
Is K-beauty incubator The Founders looking to acquire Dr. Jart+ from Estée Lauder Companies?,,,,Beauty & Personal Care,Cosmetics Business,news.google.com,0.75,Tier 2 (trade press): publisher 'cosmetics business',35,True,2,2026-06-23T11:31:53+00:00,https://news.google.com/rss/articles/CBMikgFBVV95cUxOaGFwT2JGUHgxT2QwOFd6VGY2dkZYcERaM1p3WFdWX3dUX2dlWnM4MFp3LVZsZzNWNzNRdXlmUUtDc25DV0h1bkZKLWhEZ0F2ckthcF9XWkhYa2o4ZW9TS0lEclhwcUgxQkJjYWw3NmtQdExvNlk1aTBneDRlOVJWdHA0eER3cE1weFR4dHJKZS04dw?oc=5,acquire,beauty; cosmetics,estée lauder,deal=3(acquire); fmcg=4; companies=1
The Vogue Business Funding Tracker,,,,Other / Diversified,Vogue,news.google.com,0.4,Unrecognized source (news.google.com) — default,0,False,1,2026-06-23T07:00:00+00:00,https://news.google.com/rss/articles/CBMickFVX3lxTE02b2Y4OEVBeU4yMzJ6UFdZNlFOZzBMWWdfVGVJaWVIVnREZVM2OEZBdkRfQ21lWlR3T1QxSHZ6dHZDVHR6VU82U1YzY2xObU1UejJ4QzVRRXpvM3R5SXBGdDMyNXRaTnBNTmlSRnQ3OHhsZw?oc=5,,,,deal=0(-); fmcg=0; companies=0
"Location, hours for Hailey Bieber's Rhode makeup pop-up in Newport, RI",,,,Other / Diversified,The Providence Journal,news.google.com,0.4,Unrecognized source (news.google.com) — default,0,False,1,2026-06-08T07:00:00+00:00,https://news.google.com/rss/articles/CBMi9AFBVV95cUxNNFdCVlBETVZ4aGhnMlQ4NVJydEVqVzVYaGNrRVNFUmg1Y1RzaTFsajFfakZUTlZRTlVKT2NvSnJSTnJLSnF3bkJ4R2xSV0tWdkF3R2ZLNk5IMXRnWFhZVlFUd3p5a3pibF93WHpXT19WcWotLTFqcHZFQVF4RzhpMXE1VkVoUG4yb1BkMnQyNWRfam5yZ1FGYjd3V3locnVmYmFwNWYwSkFITUo2ZWVpTWVhLW9fTmRuTkpEWVpEY09FaElGd2FlS2dvbWFnZ0RvWUFxYXh4RW9CcFZBSEliVVJBOXhMeEljSFl6OERFdmpOVkoy?oc=5,,,,deal=0(-); fmcg=0; companies=0
Jane Lauder’s TAW Ventures Makes First Acquisition,,,,Other / Diversified,WWD,news.google.com,0.75,Tier 2 (trade press): publisher 'wwd',16,False,1,2026-05-27T07:00:00+00:00,https://news.google.com/rss/articles/CBMiowFBVV95cUxOR3hySjRTdEdjZ0RXY1BWOVh4cHVCYUYxNUdlcnE0TnJQMVZrdngyVEVNczE3T2lFWDQzYWNIMTBjRXdpNHpzR09JRVBTTHFMZTVEOVRlUnBoaWJMTm9ZUlZEQkloNDhlQVVzZHBSejBSTVpzOVBvWHNURzhRMGswejhZVWpIMmpiVGdIZWM3Ym16MlhPczZPSkh0VGJOOHk2SWFr?oc=5,acquisition,,,deal=3(acquisition); fmcg=0; companies=0
Erno Laszlo Acquired by E-Commerce and Brand Management Firm Ruoyuchen,,,,Beauty & Personal Care,BeautyMatter,news.google.com,0.75,Tier 2 (trade press): publisher 'beautymatter',39,True,1,2026-05-26T01:40:08+00:00,https://news.google.com/rss/articles/CBMipwFBVV95cUxNN1haOHZPSEg3SzNlQ0lTblBHeEk5MmswUzVWSWpkMnBDcloxUV8tZHIwbWQ5SXRhSjJCX3Fycnl4SGJaNHFacHFVSjJJT0RmY0RubFpmdGVQWnI1WmJNQlQtX3hHSXplNXBiRWJGRmJKWkpnam9oMnFYSWRDc2JKZnFYUm4wZXYtUmJGNUtYMm1YNlM1ZTdPems0WlhBSDh3TzRqUENidw?oc=5,acquire; acquired,beauty,,"deal=6(acquire,acquired); fmcg=2; companies=0"
Rhode Beauty Marketing Strategy (2026): How a 3-Year-Old DTC Brand Became a $1 Billion Acquisition,,,$1 billion,Beauty & Personal Care,Business Model Analyst,news.google.com,0.4,Unrecognized source (news.google.com) — default,23,False,1,2026-05-27T07:00:00+00:00,https://news.google.com/rss/articles/CBMic0FVX3lxTE05MlVCMkoxak1jTG1GOVRlaTRqSWsxWEY2RFBsU2xadV9rZzQyUEpmVlZEOTZXcnkzby1pTTRWMWI2RkVNQ0t1Q1J0UXoweFZLaC05M2E1czFTYjROU2VtcTBwX3FDb015VUFZa0xGMHZ1LWM?oc=5,acquisition,beauty,,deal=3(acquisition); fmcg=2; companies=0
Honasa acquires 58% stake in Fluence Pharma for $15-18 million,Honasa,Fluence Pharma,18 million,Other / Diversified,Indiatimes,news.google.com,0.5,Tier 3 (general/regional): publisher 'indiatimes',49,True,1,2026-06-24T20:06:04+00:00,https://news.google.com/rss/articles/CBMi0gFBVV95cUxORU9GRUhVNU5tQWw5ZkRrSnV1VzY0YXdZeF9JY1FoOUhjeE43T29rckJMRmxZVnM1bGxDRV96VDBWUDgtbmt0dkFSeWhSWEVEZ0syWU9hamR5U3VDX0RETHliUjJaS3JLOFRCY3RTVExIdF9kdGpTVDVzVEl0OG1vWWN5cHZGQzczdXJkOTVZMVJTRURoVDd4ck5WdXVHN29vVXFJM0Jfem9MaEFJeC0zbnZ1UG5BNnBxcmRWd1llUk5pMURDV1hQZXowNTA2b2FhaXc?oc=5,acquire; acquires; stake in,,honasa,"deal=8(acquire,acquires,stake in); fmcg=0; companies=1"
L’Oréal acquires majority stake in Innovist as global giants double down on India,Oréal,Innovist,,Other / Diversified,livemint.com,news.google.com,1.0,Tier 1 (wire/financial/primary): publisher 'livemint.com',48,False,1,2026-06-18T07:00:00+00:00,https://news.google.com/rss/articles/CBMiyAFBVV95cUxONVA1bXB4N3RBNUFnbXd0bDhaTUZDamFnSFdXempqTk80MEpCb2VkOEoteGVENDZtS1JXNmdsRGhYMzYyMEVLUDRZRVJIeUx6QlV0VzNXZms1QlJVNDdLQnhybWFmeVdPc29tRUVMYURwQmJZWGt4bm1UVkVqQTdzRWd5VklaUE5fbTU2cEk0T08wSzdpNzdILTlYTlJiS2ZJM19DMm5IRXFvbVkwamtmMk4tMmtjNlhiV2xpcGhscEhnRFVqTUlBLdIBzgFBVV95cUxQNzZtVzFVSm1id3F0cXhlV3BuLUs3Tl9IYkxWWDhadHphU3JERzRzZVpHd2QwSWZhLXFMMjUySFR4TmVzUnNqRzFlaUN6NlVHdWJqc2ZfOUhxRXlxNmVBdDB5bHZqR3g3empNYkFydS1SUXJKQ1VkUWtqUWVJWU9oamhET3VkM05uYW9haWduYWsweXRTanAzM1NzTlY2Mld6Z19kNThnczdGaWxPb3VMUUNYbWFSR0YtT2NvWVlrcUZpcnlVRHUwbDBfMEZrZw?oc=5,acquire; acquires; majority stake; stake in,,,"deal=11(acquire,acquires,majority stake,stake in); fmcg=0; companies=0"
SwitchBot’s acquisition of Nanoleaf is about more than lighting,,,,Other / Diversified,The Verge,news.google.com,0.4,Unrecognized source (news.google.com) — default,23,True,1,2026-06-03T07:00:00+00:00,https://news.google.com/rss/articles/CBMijAFBVV95cUxPTzFEZG5nRTgydlFjU3pCSURGcGZOVU96eVhrQ0NpYzdLT21YdWh0LUtCNjhwYzlKZnA3NXA2V1VEZU10dFBIMXowM3NXbVlqb1B0eHM0SnFpSnByNmtzMVJ4MTY3azFKUEMtaGxoaXZ5bE1iYkVDMXFFTUxJc1BOQXgySHMtTEJTSnFzUA?oc=5,acquisition,,itc,deal=3(acquisition); fmcg=0; companies=1
FRP Corporate Finance secures sale of international beauty brands,,,,Beauty & Personal Care,Consultancy.uk,news.google.com,0.4,Unrecognized source (news.google.com) — default,17,False,1,2026-07-03T08:47:04+00:00,https://news.google.com/rss/articles/CBMipgFBVV95cUxNUTNtdWFScGFFckIyR2FtRU1qQ21tcXdtNW9fSEZmQ3QtZ0kwRFFYSkdzWmRQQ1lxVGJqWldzNHo2Rm83MHZmeXVVR0JNSzVzVEVLQmhtTDlNV016dVR4RkFaQ1pDVUdUb3AwaW81UDhib2luSEV1N2JneDB2bXlycHI3clRQdzk5R1kwTkJ6S2ZEaThhUnVqVHdVVnQwWmpHZVZLNHNR0gGrAUFVX3lxTFAyeFV4RzVkVjlLNkY2cDJOeFVnQThnaFI0MWExOUtLSG55aDhGMDFsZnhYcUk3bFN6MVNmQzNiTTY4QlRvS0pkTWpqb25YdDc3RG5CcEVRdzVoYnltSHRzbk0yMzZZcWh0TzU1czdBeWtGckpNN04yV2ZmYXUyaHFHNlROQ0NBM2FGVEI2MEhucmVQVTZYeTJFS3JJLW1hazNZUHd3eDQ4eEE5NA?oc=5,sale of,beauty,,deal=2(sale of); fmcg=2; companies=0
List of 39.8k Consumer Goods Startups in India & Market Trends (May 2026),,,,Other / Diversified,Tracxn,news.google.com,0.4,Unrecognized source (news.google.com) — default,6,False,1,2026-05-29T07:00:00+00:00,https://news.google.com/rss/articles/CBMiqwFBVV95cUxPQ0lWQlRELVpqWnFJRDZxSDc5RWxTZEVnVmRmWDFMcW5RWV96TlBhbWtKN1RGaEFLd3VoLU9VN0dyQ2VHcVdWZW9NeWlqRVJzbVA1bWZYYjFHRmc0d1JrYkhXaFhPTGZqY180Q3I1TGNiNWkxb2ZhU3N1b01DTzFGNnhtSTNQWmd3V25UdndqWHRjdkdqVmdJQnNxb29yRk5sa1BCVjJBRWkwSms?oc=5,,consumer goods,,deal=0(-); fmcg=2; companies=0
General Mills’s (NYSE:GIS) Q2 CY2026 Sales Top Estimates,,,,Other / Diversified,StockStory,news.google.com,0.4,Unrecognized source (news.google.com) — default,6,False,1,2026-07-01T13:08:34+00:00,https://news.google.com/rss/articles/CBMirAFBVV95cUxPR0ZheVpzeDdCcDFhWHptei1wRHhlN01hejY0Z2tXQUpOV0JpSGxmN0YteGI3RzdwQ2VUaVlMZHBtQ1lIb0gwbHF3ck12TFgyUS1pYjlWbkpvZi00MHJ0dERFaFlYNXo4M0RPQkdHY09WNmw0YWY2STk3OGd5Z1MwbkhLaXJYQTM3NnBnSXM1LTZtMzFCY3NaVXBFekR1SWNhTHRRbHE5eWJablpO?oc=5,,,general mills,deal=0(-); fmcg=0; companies=1
Kroger to acquire Giant Eagle in $1.65B expansion deal,Kroger,Giant Eagle,,Other / Diversified,MSN,news.google.com,0.5,Tier 3 (general/regional): publisher 'msn',22,False,1,2026-07-01T14:45:56+00:00,https://news.google.com/rss/articles/CBMi2wFBVV95cUxPbEo5dzRpdmV6WldQbUZoVVBKZXBVTENQM29LWGdWcVA0YXhkeGhUZERoWEpoNEY0RWtDU2NSRXVnQmdKdE91WXQwemJvUkdlSG54U3dJS0hOQnZMUUhncFZyRHN2alNBSWlEVG5qYzJ0UmxyMUlQLUpmeDZ1WXdsSTFkTnBNSnhmRkxlQlpBWlMwcVZ6WXU2cDc4RTlqWHJmZHpEcjg0ZTM0NUc5QXdRQ09OYkloV2wzU1R3THVZNDBNNmNQOWZBNlItSm5VeWluay1XTkg1RXROYkU?oc=5,acquire; deal,,,"deal=4(acquire,deal); fmcg=0; companies=0"
"Diageo | History, Products, & Global Strategy",,,,Other / Diversified,Encyclopedia Britannica,news.google.com,0.4,Unrecognized source (news.google.com) — default,6,False,1,2026-06-28T07:00:00+00:00,https://news.google.com/rss/articles/CBMiVkFVX3lxTE5JaXJrNHVYYUIxTm56emswaVB5SHFHU2FxRDc5dkx5Qnp1WHl0ZEtPUkhqNzExRUpFZ3l6bGpTcVI1LVdqdWV1NDh3a05oYzlOS09mRHF3?oc=5,,,diageo,deal=0(-); fmcg=0; companies=1
"Utz (UTZ): Buy, Sell, or Hold Post Q1 Earnings?",,,,Other / Diversified,TradingView,news.google.com,0.4,Unrecognized source (news.google.com) — default,0,False,1,2026-06-14T07:00:00+00:00,https://news.google.com/rss/articles/CBMipAFBVV95cUxNS0JRNy02c0tqMlc0bDBIRTg4MU45azVpUzNPb2ZFTGlMWmpsSUFaSXFncFJYNWctQ25pOFlRQzBpVko0cHNiUlF2ODNTZHVLMDlNcFBjQ093cE93ZnpDbXdJODhZR2lfU0h3Rzg1ZENES1VtUEhiLTdCanN1SF9hN3B1T3l5MDJtb3VhUjhIMGN6cDZBSGZyX3BaVUc2SHlueU9QQQ?oc=5,,,,deal=0(-); fmcg=0; companies=0
